[
  {
    "image_url": "https://cdn.grofers.com/assets/ui/search_rakhi.png",
    "keyword": "rakhi"
  },
  {
    "image_url": "https://cdn.grofers.com/assets/ui/sugar.png",
    "keyword": "sugar"
  },
  {
    "image_url": "https://cdn.grofers.com/assets/ui/search_roli.png",
    "keyword": "roli chawal"
  },
  {
    "image_url": "https://cdn.grofers.com/assets/ui/atta.png",
    "keyword": "atta"
  },
  {
    "image_url": "https://cdn.grofers.com/assets/ui/search_kajukatli.png",
    "keyword": "indian sweets"
  },
  {
    "image_url": "https://cdn.grofers.com/assets/ui/tea.png",
    "keyword": "tea"
  },
  {
    "image_url": "https://cdn.grofers.com/assets/ui/search_chocolate.png",
    "keyword": "gift"
  },
  {
    "image_url": "https://cdn.grofers.com/assets/ui/ghee.png",
    "keyword": "ghee"
  },
  {
    "image_url": "https://cdn.grofers.com/assets/ui/mustard%20oil.png",
    "keyword": "mustard oil"
  },
  {
    "image_url": "https://cdn.grofers.com/assets/ui/salt.png",
    "keyword": "salt"
  },
  {
    "image_url": "https://cdn.grofers.com/assets/ui/biscuits.png",
    "keyword": "biscuit"
  },
  {
    "image_url": "https://cdn.grofers.com/app/images/category/cms_images/icon/1010_1564721329908.png",
    "keyword": "dal"
  },
  {
    "image_url": "https://cdn.grofers.com/assets/ui/detergent.png",
    "keyword": "detergent powder"
  },
  {
    "image_url": "https://cdn.grofers.com/assets/ui/chocolate.png",
    "keyword": "chocolate"
  },
  {
    "image_url": "https://cdn.grofers.com/assets/ui/nuts.png",
    "keyword": "nuts"
  },
  {
    "image_url": "https://cdn.grofers.com/assets/ui/oil.png",
    "keyword": "oil"
  },
  {
    "image_url": "https://cdn.grofers.com/assets/ui/rice.png",
    "keyword": "rice"
  },
  {
    "image_url": "https://cdn.grofers.com/assets/ui/besan.png",
    "keyword": "besan"
  },
  {
    "image_url": "https://cdn.grofers.com/assets/ui/poha.png",
    "keyword": "poha"
  },
  {
    "image_url": "https://cdn.grofers.com/assets/ui/cheese.png",
    "keyword": "cheese"
  },
  {
    "image_url": "https://cdn.grofers.com/assets/ui/chips.png",
    "keyword": "chips"
  },
  {
    "image_url": "https://cdn.grofers.com/assets/ui/butter.png",
    "keyword": "butter"
  },
  {
    "image_url": "https://cdn.grofers.com/assets/ui/maida.png",
    "keyword": "maida"
  },
  {
    "image_url": "https://cdn.grofers.com/assets/ui/soap.png",
    "keyword": "soap"
  },
  {
    "image_url": "https://cdn.grofers.com/assets/ui/namkeen.png",
    "keyword": "namkeen"
  },
  {
    "image_url": "https://cdn.grofers.com/assets/ui/rajma.png",
    "keyword": "rajma"
  },
  {
    "image_url": "https://cdn.grofers.com/assets/ui/jeera.png",
    "keyword": "jeera"
  },
  {
    "image_url": "https://cdn.grofers.com/assets/ui/moong%20_dal.png",
    "keyword": "moong dal"
  },
  {
    "image_url": "https://cdn.grofers.com/assets/ui/sanitizer.png",
    "keyword": "sanitizer"
  },
  {
    "image_url": "https://cdn.grofers.com/assets/ui/bread.png",
    "keyword": "bread"
  },
  {
    "image_url": "https://cdn.grofers.com/assets/ui/honey.png",
    "keyword": "honey"
  },
  {
    "image_url": "https://cdn.grofers.com/assets/ui/sooji.png",
    "keyword": "sooji"
  }
]